path ,annotations
/Users/samuelfolledo/Desktop/Custom_AI_in_iOS/ML/ML_Model_Env/Images/28483aab-c516-4744-88e9-7b0e7eef874e.jpg , "[{'label':  'macMini' ,  'coordinates':  {'x':  750 ,  'y':  1044 ,  'width':  750 ,  'height':  738} ,  'type':  'rectangle'} ,{'label':  'clock' ,  'coordinates':  {'x':  274 ,  'y':  531 ,  'width':  474 ,  'height':  495} ,  'type':  'rectangle'}] "
/Users/samuelfolledo/Desktop/Custom_AI_in_iOS/ML/ML_Model_Env/Images/3d0915ec-dd30-4cf9-b78e-f6562bf990d6.jpg , "[{'label':  'clock' ,  'coordinates':  {'x':  485 ,  'y':  658 ,  'width':  738 ,  'height':  422} ,  'type':  'rectangle'}] "
/Users/samuelfolledo/Desktop/Custom_AI_in_iOS/ML/ML_Model_Env/Images/d838d3a7-1390-4c18-bf2d-67cb30065006.jpg , "[{'label':  'pinkStickyNote' ,  'coordinates':  {'x':  357 ,  'y':  1033 ,  'width':  586 ,  'height':  596} ,  'type':  'rectangle'} ,{'label':  'yellowStickyNote' ,  'coordinates':  {'x':  731 ,  'y':  508 ,  'width':  460 ,  'height':  438} ,  'type':  'rectangle'}] "
/Users/samuelfolledo/Desktop/Custom_AI_in_iOS/ML/ML_Model_Env/Images/3c5456a0-874a-4556-b96c-9b6b85c57df1.jpg , "[{'label':  'pinkStickyNote' ,  'coordinates':  {'x':  439 ,  'y':  1006 ,  'width':  580 ,  'height':  504} ,  'type':  'rectangle'} ,{'label':  'yellowStickyNote' ,  'coordinates':  {'x':  596 ,  'y':  557 ,  'width':  447 ,  'height':  313} ,  'type':  'rectangle'} ,{'label':  'macMini' ,  'coordinates':  {'x':  613 ,  'y':  237 ,  'width':  618 ,  'height':  321} ,  'type':  'rectangle'}] "
/Users/samuelfolledo/Desktop/Custom_AI_in_iOS/ML/ML_Model_Env/Images/6d377e58-b5e4-4071-b3e7-846f2089cd42.jpg , "[{'label':  'pinkStickyNote' ,  'coordinates':  {'x':  543 ,  'y':  1095 ,  'width':  422 ,  'height':  452} ,  'type':  'rectangle'} ,{'label':  'yellowStickyNote' ,  'coordinates':  {'x':  582 ,  'y':  560 ,  'width':  441 ,  'height':  400} ,  'type':  'rectangle'}] "
/Users/samuelfolledo/Desktop/Custom_AI_in_iOS/ML/ML_Model_Env/Images/cdc39bd1-a41a-4c29-a8e1-6c8b94f07e03.jpg , "[{'label':  'rock' ,  'coordinates':  {'x':  607 ,  'y':  848 ,  'width':  676 ,  'height':  547} ,  'type':  'rectangle'}] "
/Users/samuelfolledo/Desktop/Custom_AI_in_iOS/ML/ML_Model_Env/Images/1bca43de-464b-4366-bcf2-214d5b58ab1b.jpg , "[{'label':  'rock' ,  'coordinates':  {'x':  662 ,  'y':  957 ,  'width':  787 ,  'height':  662} ,  'type':  'rectangle'}] "
/Users/samuelfolledo/Desktop/Custom_AI_in_iOS/ML/ML_Model_Env/Images/676c3dc3-2737-4fe6-9f6d-267bb59e3b35.jpg , "[{'label':  'paper' ,  'coordinates':  {'x':  600 ,  'y':  505 ,  'width':  1050 ,  'height':  781} ,  'type':  'rectangle'}] "
/Users/samuelfolledo/Desktop/Custom_AI_in_iOS/ML/ML_Model_Env/Images/c7d73579-1ad7-427c-982f-305a9ed2f51f.jpg , "[{'label':  'rock' ,  'coordinates':  {'x':  487 ,  'y':  735 ,  'width':  490 ,  'height':  501} ,  'type':  'rectangle'}] "
/Users/samuelfolledo/Desktop/Custom_AI_in_iOS/ML/ML_Model_Env/Images/87f64a3f-c992-408c-b9f9-761b0a658eae.jpg , "[{'label':  'rock' ,  'coordinates':  {'x':  597 ,  'y':  920 ,  'width':  809 ,  'height':  670} ,  'type':  'rectangle'}] "
/Users/samuelfolledo/Desktop/Custom_AI_in_iOS/ML/ML_Model_Env/Images/3118f390-6885-4809-a969-350ead913da0.jpg , "[{'label':  'rock' ,  'coordinates':  {'x':  573 ,  'y':  922 ,  'width':  613 ,  'height':  721} ,  'type':  'rectangle'}] "
/Users/samuelfolledo/Desktop/Custom_AI_in_iOS/ML/ML_Model_Env/Images/c8ba1b2d-2f0e-4fcf-8422-c4a096a87f8b.jpg , "[{'label':  'rock' ,  'coordinates':  {'x':  470 ,  'y':  776 ,  'width':  632 ,  'height':  713} ,  'type':  'rectangle'}] "
/Users/samuelfolledo/Desktop/Custom_AI_in_iOS/ML/ML_Model_Env/Images/ead18412-0fb5-45a8-97f4-78fc449f37b5.jpg , "[{'label':  'rock' ,  'coordinates':  {'x':  533 ,  'y':  775 ,  'width':  708 ,  'height':  591} ,  'type':  'rectangle'}] "
/Users/samuelfolledo/Desktop/Custom_AI_in_iOS/ML/ML_Model_Env/Images/47eba999-1a23-4f39-9f50-2e3b3190dca4.jpg , "[{'label':  'rock' ,  'coordinates':  {'x':  503 ,  'y':  801 ,  'width':  561 ,  'height':  550} ,  'type':  'rectangle'}] "
/Users/samuelfolledo/Desktop/Custom_AI_in_iOS/ML/ML_Model_Env/Images/23929162-845d-4945-97c8-a714172f6060.jpg , "[{'label':  'rock' ,  'coordinates':  {'x':  443 ,  'y':  792 ,  'width':  534 ,  'height':  593} ,  'type':  'rectangle'}] "
/Users/samuelfolledo/Desktop/Custom_AI_in_iOS/ML/ML_Model_Env/Images/765d49ea-f6b7-4699-9e10-e8065b6e1dcf.jpg , "[{'label':  'paper' ,  'coordinates':  {'x':  503 ,  'y':  775 ,  'width':  899 ,  'height':  667} ,  'type':  'rectangle'}] "
/Users/samuelfolledo/Desktop/Custom_AI_in_iOS/ML/ML_Model_Env/Images/f5ea9730-e460-4030-a72d-69aee3e3bdca.jpg , "[{'label':  'paper' ,  'coordinates':  {'x':  535 ,  'y':  859 ,  'width':  1070 ,  'height':  607} ,  'type':  'rectangle'}] "
/Users/samuelfolledo/Desktop/Custom_AI_in_iOS/ML/ML_Model_Env/Images/6405878d-b20d-447b-9508-f25ba505e2d5.jpg , "[{'label':  'rock' ,  'coordinates':  {'x':  620 ,  'y':  810 ,  'width':  741 ,  'height':  678} ,  'type':  'rectangle'}] "
/Users/samuelfolledo/Desktop/Custom_AI_in_iOS/ML/ML_Model_Env/Images/9b8875c8-01ee-4027-bd2f-a52732470dbb.jpg , "[{'label':  'macMini' ,  'coordinates':  {'x':  960 ,  'y':  605 ,  'width':  330 ,  'height':  430} ,  'type':  'rectangle'} ,{'label':  'clock' ,  'coordinates':  {'x':  514 ,  'y':  413 ,  'width':  430 ,  'height':  308} ,  'type':  'rectangle'} ,{'label':  'pen' ,  'coordinates':  {'x':  612 ,  'y':  987 ,  'width':  768 ,  'height':  226} ,  'type':  'rectangle'}] "
/Users/samuelfolledo/Desktop/Custom_AI_in_iOS/ML/ML_Model_Env/Images/9a3ccc9d-874e-4a4d-9a4f-6ad2f87a9c0a.jpg , "[{'label':  'macMini' ,  'coordinates':  {'x':  850 ,  'y':  524 ,  'width':  509 ,  'height':  389} ,  'type':  'rectangle'} ,{'label':  'applePencil' ,  'coordinates':  {'x':  1010 ,  'y':  1028 ,  'width':  230 ,  'height':  525} ,  'type':  'rectangle'} ,{'label':  'clock' ,  'coordinates':  {'x':  306 ,  'y':  338 ,  'width':  428 ,  'height':  289} ,  'type':  'rectangle'} ,{'label':  'remote' ,  'coordinates':  {'x':  511 ,  'y':  908 ,  'width':  251 ,  'height':  847} ,  'type':  'rectangle'}] "
/Users/samuelfolledo/Desktop/Custom_AI_in_iOS/ML/ML_Model_Env/Images/4c7410f6-6bd4-4810-b383-0aee93ad2775.jpg , "[{'label':  'handSanitizer' ,  'coordinates':  {'x':  300 ,  'y':  703 ,  'width':  373 ,  'height':  811} ,  'type':  'rectangle'} ,{'label':  'sprayBottle' ,  'coordinates':  {'x':  736 ,  'y':  696 ,  'width':  297 ,  'height':  879} ,  'type':  'rectangle'}] "
/Users/samuelfolledo/Desktop/Custom_AI_in_iOS/ML/ML_Model_Env/Images/af6b28f8-bb25-4dfb-bb77-e15a32472a86.jpg , "[{'label':  'applePencil' ,  'coordinates':  {'x':  1055 ,  'y':  795 ,  'width':  140 ,  'height':  278} ,  'type':  'rectangle'} ,{'label':  'handSanitizer' ,  'coordinates':  {'x':  278 ,  'y':  715 ,  'width':  259 ,  'height':  961} ,  'type':  'rectangle'} ,{'label':  'sprayBottle' ,  'coordinates':  {'x':  710 ,  'y':  678 ,  'width':  370 ,  'height':  985} ,  'type':  'rectangle'} ,{'label':  'macMini' ,  'coordinates':  {'x':  973 ,  'y':  444 ,  'width':  303 ,  'height':  332} ,  'type':  'rectangle'} ,{'label':  'pen' ,  'coordinates':  {'x':  57 ,  'y':  1070 ,  'width':  114 ,  'height':  169} ,  'type':  'rectangle'}] "
/Users/samuelfolledo/Desktop/Custom_AI_in_iOS/ML/ML_Model_Env/Images/03688615-38a4-4a00-b032-b5e828efd586.jpg , "[{'label':  'sprayBottle' ,  'coordinates':  {'x':  628 ,  'y':  660 ,  'width':  272 ,  'height':  972} ,  'type':  'rectangle'} ,{'label':  'handSanitizer' ,  'coordinates':  {'x':  278 ,  'y':  692 ,  'width':  319 ,  'height':  871} ,  'type':  'rectangle'} ,{'label':  'macMini' ,  'coordinates':  {'x':  939 ,  'y':  449 ,  'width':  371 ,  'height':  272} ,  'type':  'rectangle'}] "
/Users/samuelfolledo/Desktop/Custom_AI_in_iOS/ML/ML_Model_Env/Images/746e592e-3820-4355-9500-cc0edd554f99.jpg , "[{'label':  'macMini' ,  'coordinates':  {'x':  113 ,  'y':  579 ,  'width':  225 ,  'height':  286} ,  'type':  'rectangle'} ,{'label':  'keyboard' ,  'coordinates':  {'x':  520 ,  'y':  1225 ,  'width':  1040 ,  'height':  490} ,  'type':  'rectangle'} ,{'label':  'macbook' ,  'coordinates':  {'x':  564 ,  'y':  590 ,  'width':  836 ,  'height':  885} ,  'type':  'rectangle'}] "
/Users/samuelfolledo/Desktop/Custom_AI_in_iOS/ML/ML_Model_Env/Images/c8bae5b1-8c0c-48a3-9acc-5c62f92bb629.jpg , "[{'label':  'mouse' ,  'coordinates':  {'x':  634 ,  'y':  685 ,  'width':  670 ,  'height':  460} ,  'type':  'rectangle'}] "
/Users/samuelfolledo/Desktop/Custom_AI_in_iOS/ML/ML_Model_Env/Images/960137b1-be7e-4533-a453-1c40bb8676ec.jpg , "[{'label':  'mouse' ,  'coordinates':  {'x':  588 ,  'y':  878 ,  'width':  583 ,  'height':  705} ,  'type':  'rectangle'}] "
/Users/samuelfolledo/Desktop/Custom_AI_in_iOS/ML/ML_Model_Env/Images/b48dac11-3bef-48de-bb22-929392631674.jpg , "[{'label':  'applePencil' ,  'coordinates':  {'x':  820 ,  'y':  1088 ,  'width':  591 ,  'height':  248} ,  'type':  'rectangle'} ,{'label':  'handSanitizer' ,  'coordinates':  {'x':  148 ,  'y':  624 ,  'width':  296 ,  'height':  534} ,  'type':  'rectangle'} ,{'label':  'macMini' ,  'coordinates':  {'x':  935 ,  'y':  610 ,  'width':  379 ,  'height':  278} ,  'type':  'rectangle'} ,{'label':  'remote' ,  'coordinates':  {'x':  639 ,  'y':  767 ,  'width':  545 ,  'height':  215} ,  'type':  'rectangle'} ,{'label':  'clock' ,  'coordinates':  {'x':  447 ,  'y':  503 ,  'width':  362 ,  'height':  237} ,  'type':  'rectangle'} ,{'label':  'pen' ,  'coordinates':  {'x':  308 ,  'y':  1213 ,  'width':  482 ,  'height':  422} ,  'type':  'rectangle'}] "
/Users/samuelfolledo/Desktop/Custom_AI_in_iOS/ML/ML_Model_Env/Images/20710b47-d0ac-4042-a9cb-a5621505d2b6.jpg , "[{'label':  'applePencil' ,  'coordinates':  {'x':  867 ,  'y':  991 ,  'width':  133 ,  'height':  501} ,  'type':  'rectangle'} ,{'label':  'handSanitizer' ,  'coordinates':  {'x':  201 ,  'y':  614 ,  'width':  387 ,  'height':  509} ,  'type':  'rectangle'} ,{'label':  'macMini' ,  'coordinates':  {'x':  954 ,  'y':  415 ,  'width':  341 ,  'height':  400} ,  'type':  'rectangle'} ,{'label':  'clock' ,  'coordinates':  {'x':  454 ,  'y':  309 ,  'width':  452 ,  'height':  259} ,  'type':  'rectangle'} ,{'label':  'remote' ,  'coordinates':  {'x':  624 ,  'y':  724 ,  'width':  232 ,  'height':  457} ,  'type':  'rectangle'} ,{'label':  'pen' ,  'coordinates':  {'x':  470 ,  'y':  1255 ,  'width':  321 ,  'height':  490} ,  'type':  'rectangle'}] "
/Users/samuelfolledo/Desktop/Custom_AI_in_iOS/ML/ML_Model_Env/Images/2a3c84a8-2a3d-44ca-8d74-4d0d0a1135d2.jpg , "[{'label':  'applePencil' ,  'coordinates':  {'x':  232 ,  'y':  1134 ,  'width':  133 ,  'height':  613} ,  'type':  'rectangle'} ,{'label':  'macMini' ,  'coordinates':  {'x':  559 ,  'y':  424 ,  'width':  602 ,  'height':  438} ,  'type':  'rectangle'} ,{'label':  'remote' ,  'coordinates':  {'x':  77 ,  'y':  776 ,  'width':  154 ,  'height':  441} ,  'type':  'rectangle'}] "
/Users/samuelfolledo/Desktop/Custom_AI_in_iOS/ML/ML_Model_Env/Images/7fa58dec-ddbb-4df6-8f57-d50a2024dc4c.jpg , "[{'label':  'keyboard' ,  'coordinates':  {'x':  750 ,  'y':  639 ,  'width':  1500 ,  'height':  502} ,  'type':  'rectangle'}] "
/Users/samuelfolledo/Desktop/Custom_AI_in_iOS/ML/ML_Model_Env/Images/bbae95a8-b6d3-4bee-97c6-a0afee93ed1f.jpg , "[{'label':  'keyboard' ,  'coordinates':  {'x':  761 ,  'y':  594 ,  'width':  1479 ,  'height':  445} ,  'type':  'rectangle'}] "
/Users/samuelfolledo/Desktop/Custom_AI_in_iOS/ML/ML_Model_Env/Images/3df3750a-d884-4af2-a9ad-80ea6d383ff0.jpg , "[{'label':  'macMini' ,  'coordinates':  {'x':  157 ,  'y':  530 ,  'width':  313 ,  'height':  304} ,  'type':  'rectangle'} ,{'label':  'macbook' ,  'coordinates':  {'x':  749 ,  'y':  474 ,  'width':  900 ,  'height':  948} ,  'type':  'rectangle'}] "
/Users/samuelfolledo/Desktop/Custom_AI_in_iOS/ML/ML_Model_Env/Images/a6caac9e-5941-4293-9a11-e138ea1323f0.jpg , "[{'label':  'keyboard' ,  'coordinates':  {'x':  546 ,  'y':  930 ,  'width':  1092 ,  'height':  357} ,  'type':  'rectangle'} ,{'label':  'macbook' ,  'coordinates':  {'x':  528 ,  'y':  434 ,  'width':  828 ,  'height':  569} ,  'type':  'rectangle'}] "
/Users/samuelfolledo/Desktop/Custom_AI_in_iOS/ML/ML_Model_Env/Images/3db9fa8c-f2d9-4816-81db-db01d0a179d1.jpg , "[{'label':  'macMini' ,  'coordinates':  {'x':  244 ,  'y':  272 ,  'width':  400 ,  'height':  380} ,  'type':  'rectangle'} ,{'label':  'mouse' ,  'coordinates':  {'x':  1412 ,  'y':  807 ,  'width':  177 ,  'height':  294} ,  'type':  'rectangle'} ,{'label':  'keyboard' ,  'coordinates':  {'x':  882 ,  'y':  875 ,  'width':  851 ,  'height':  292} ,  'type':  'rectangle'} ,{'label':  'macbook' ,  'coordinates':  {'x':  861 ,  'y':  442 ,  'width':  676 ,  'height':  435} ,  'type':  'rectangle'}] "
/Users/samuelfolledo/Desktop/Custom_AI_in_iOS/ML/ML_Model_Env/Images/c59fcf43-e42c-4c2f-8614-2c1a0e642352.jpg , "[{'label':  'macMini' ,  'coordinates':  {'x':  180 ,  'y':  183 ,  'width':  360 ,  'height':  366} ,  'type':  'rectangle'} ,{'label':  'keyboard' ,  'coordinates':  {'x':  837 ,  'y':  834 ,  'width':  1010 ,  'height':  386} ,  'type':  'rectangle'} ,{'label':  'macbook' ,  'coordinates':  {'x':  848 ,  'y':  337 ,  'width':  788 ,  'height':  551} ,  'type':  'rectangle'}] "
/Users/samuelfolledo/Desktop/Custom_AI_in_iOS/ML/ML_Model_Env/Images/d6f0bb48-de5d-4858-a741-1868aa6918d0.jpg , "[{'label':  'macMini' ,  'coordinates':  {'x':  159 ,  'y':  342 ,  'width':  317 ,  'height':  272} ,  'type':  'rectangle'} ,{'label':  'macbook' ,  'coordinates':  {'x':  742 ,  'y':  442 ,  'width':  918 ,  'height':  349} ,  'type':  'rectangle'} ,{'label':  'keyboard' ,  'coordinates':  {'x':  750 ,  'y':  846 ,  'width':  1500 ,  'height':  423} ,  'type':  'rectangle'}] "
/Users/samuelfolledo/Desktop/Custom_AI_in_iOS/ML/ML_Model_Env/Images/b14e2252-a1e0-48fd-a159-096717d1ea37.jpg , "[{'label':  'scissors' ,  'coordinates':  {'x':  480 ,  'y':  820 ,  'width':  853 ,  'height':  468} ,  'type':  'rectangle'}] "
/Users/samuelfolledo/Desktop/Custom_AI_in_iOS/ML/ML_Model_Env/Images/2c941253-d99e-4e7e-ae16-be1b4680f7a0.jpg , "[{'label':  'scissors' ,  'coordinates':  {'x':  494 ,  'y':  886 ,  'width':  869 ,  'height':  623} ,  'type':  'rectangle'}] "
/Users/samuelfolledo/Desktop/Custom_AI_in_iOS/ML/ML_Model_Env/Images/c8dfe82c-a8d2-4270-8b3f-f5a41e11ed8a.jpg , "[{'label':  'scissors' ,  'coordinates':  {'x':  563 ,  'y':  780 ,  'width':  1123 ,  'height':  569} ,  'type':  'rectangle'}] "
/Users/samuelfolledo/Desktop/Custom_AI_in_iOS/ML/ML_Model_Env/Images/266c07ad-adc8-4bd3-8375-96487e54a294.jpg , "[{'label':  'scissors' ,  'coordinates':  {'x':  563 ,  'y':  852 ,  'width':  1125 ,  'height':  572} ,  'type':  'rectangle'}] "
/Users/samuelfolledo/Desktop/Custom_AI_in_iOS/ML/ML_Model_Env/Images/06d10302-d620-4060-a8e1-718840b35833.jpg , "[{'label':  'scissors' ,  'coordinates':  {'x':  540 ,  'y':  712 ,  'width':  836 ,  'height':  438} ,  'type':  'rectangle'}] "
/Users/samuelfolledo/Desktop/Custom_AI_in_iOS/ML/ML_Model_Env/Images/99a7fc32-abde-4685-b26d-71577ccc5b2f.jpg , "[{'label':  'scissors' ,  'coordinates':  {'x':  533 ,  'y':  829 ,  'width':  839 ,  'height':  482} ,  'type':  'rectangle'}] "
/Users/samuelfolledo/Desktop/Custom_AI_in_iOS/ML/ML_Model_Env/Images/dffc14fd-7bac-4a7c-a8c4-634c17f14ba4.jpg , "[{'label':  'sprayBottle' ,  'coordinates':  {'x':  423 ,  'y':  517 ,  'width':  286 ,  'height':  953} ,  'type':  'rectangle'}] "
/Users/samuelfolledo/Desktop/Custom_AI_in_iOS/ML/ML_Model_Env/Images/f48a31f8-8bc0-4441-9007-380e0402579f.jpg , "[{'label':  'rock' ,  'coordinates':  {'x':  1544 ,  'y':  1938 ,  'width':  2021 ,  'height':  1877} ,  'type':  'rectangle'}] "
/Users/samuelfolledo/Desktop/Custom_AI_in_iOS/ML/ML_Model_Env/Images/898f9aa0-2dbd-4082-a151-1f9949b00f52.jpg , "[{'label':  'paper' ,  'coordinates':  {'x':  1437 ,  'y':  2105 ,  'width':  2263 ,  'height':  1503} ,  'type':  'rectangle'}] "
/Users/samuelfolledo/Desktop/Custom_AI_in_iOS/ML/ML_Model_Env/Images/2b8f02b0-9e30-4475-b530-575634e3eaf7.jpg , "[{'label':  'scissors' ,  'coordinates':  {'x':  1575 ,  'y':  1866 ,  'width':  2526 ,  'height':  1455} ,  'type':  'rectangle'}] "
/Users/samuelfolledo/Desktop/Custom_AI_in_iOS/ML/ML_Model_Env/Images/f6b4e840-69a3-45f3-be50-f1a9710e3940.jpg , "[{'label':  'rock' ,  'coordinates':  {'x':  1174 ,  'y':  2084 ,  'width':  1515 ,  'height':  1185} ,  'type':  'rectangle'}] "
/Users/samuelfolledo/Desktop/Custom_AI_in_iOS/ML/ML_Model_Env/Images/697ff730-03f4-4fa9-b61a-2f42cb82e55f.jpg , "[{'label':  'paper' ,  'coordinates':  {'x':  1637 ,  'y':  1994 ,  'width':  2470 ,  'height':  1323} ,  'type':  'rectangle'}] "
/Users/samuelfolledo/Desktop/Custom_AI_in_iOS/ML/ML_Model_Env/Images/92b98438-ade2-4df0-ab4e-3d490d9c5bbf.jpg , "[{'label':  'scissors' ,  'coordinates':  {'x':  1534 ,  'y':  1893 ,  'width':  2567 ,  'height':  1566} ,  'type':  'rectangle'}] "
/Users/samuelfolledo/Desktop/Custom_AI_in_iOS/ML/ML_Model_Env/Images/37687183-1432-4877-9671-a85a0372aa99.jpg , "[{'label':  'scissors' ,  'coordinates':  {'x':  1361 ,  'y':  1994 ,  'width':  2540 ,  'height':  1545} ,  'type':  'rectangle'}] "
/Users/samuelfolledo/Desktop/Custom_AI_in_iOS/ML/ML_Model_Env/Images/ca4d86b1-ae04-40f6-8d01-87c7a61dd3fd.jpg , "[{'label':  'scissors' ,  'coordinates':  {'x':  1634 ,  'y':  2125 ,  'width':  2726 ,  'height':  1351} ,  'type':  'rectangle'}] "
/Users/samuelfolledo/Desktop/Custom_AI_in_iOS/ML/ML_Model_Env/Images/7033534b-7d3e-4f38-9cdd-451261c5d730.jpg , "[{'label':  'scissors' ,  'coordinates':  {'x':  1637 ,  'y':  2125 ,  'width':  2595 ,  'height':  1974} ,  'type':  'rectangle'}] "
/Users/samuelfolledo/Desktop/Custom_AI_in_iOS/ML/ML_Model_Env/Images/e9dacc83-1cd1-4d1a-8d62-eee88b3dbbd0.jpg , "[{'label':  'paper' ,  'coordinates':  {'x':  1516 ,  'y':  1935 ,  'width':  2713 ,  'height':  1746} ,  'type':  'rectangle'}] "
/Users/samuelfolledo/Desktop/Custom_AI_in_iOS/ML/ML_Model_Env/Images/28abdbb5-bb66-47f9-9b7a-449ca3ee85bd.jpg , "[{'label':  'paper' ,  'coordinates':  {'x':  1433 ,  'y':  2309 ,  'width':  2463 ,  'height':  1718} ,  'type':  'rectangle'}] "
/Users/samuelfolledo/Desktop/Custom_AI_in_iOS/ML/ML_Model_Env/Images/70d7c93d-4b29-4f58-84d0-2acc3342f973.jpg , "[{'label':  'paper' ,  'coordinates':  {'x':  1423 ,  'y':  2247 ,  'width':  2484 ,  'height':  1524} ,  'type':  'rectangle'}] "
/Users/samuelfolledo/Desktop/Custom_AI_in_iOS/ML/ML_Model_Env/Images/0a879315-6604-4580-8d72-547c27095a25.jpg , "[{'label':  'rock' ,  'coordinates':  {'x':  1253 ,  'y':  2143 ,  'width':  1896 ,  'height':  1344} ,  'type':  'rectangle'}] "
/Users/samuelfolledo/Desktop/Custom_AI_in_iOS/ML/ML_Model_Env/Images/02089177-c7bd-4f1e-ae92-168b0d7fe9b3.jpg , "[{'label':  'rock' ,  'coordinates':  {'x':  1222 ,  'y':  2008 ,  'width':  1612 ,  'height':  1448} ,  'type':  'rectangle'}] "
/Users/samuelfolledo/Desktop/Custom_AI_in_iOS/ML/ML_Model_Env/Images/4c50511f-e431-4da9-9d50-4ca5c752d7cb.jpg , "[{'label':  'rock' ,  'coordinates':  {'x':  1333 ,  'y':  1987 ,  'width':  1640 ,  'height':  1379} ,  'type':  'rectangle'}] "
/Users/samuelfolledo/Desktop/Custom_AI_in_iOS/ML/ML_Model_Env/Images/2da56b53-9e02-4df2-9ad3-e9aee2d216b5.jpg , "[{'label':  'rock' ,  'coordinates':  {'x':  1630 ,  'y':  2101 ,  'width':  1640 ,  'height':  1386} ,  'type':  'rectangle'}] "
/Users/samuelfolledo/Desktop/Custom_AI_in_iOS/ML/ML_Model_Env/Images/dd8e28d8-705b-4ce2-89da-10a29599df43.jpg , "[{'label':  'rock' ,  'coordinates':  {'x':  1437 ,  'y':  1976 ,  'width':  1875 ,  'height':  1843} ,  'type':  'rectangle'}] "
/Users/samuelfolledo/Desktop/Custom_AI_in_iOS/ML/ML_Model_Env/Images/73ebddad-2bc1-4f57-8eaf-d2ab9ff7a4d5.jpg , "[{'label':  'paper' ,  'coordinates':  {'x':  1610 ,  'y':  1523 ,  'width':  2706 ,  'height':  2099} ,  'type':  'rectangle'}] "
/Users/samuelfolledo/Desktop/Custom_AI_in_iOS/ML/ML_Model_Env/Images/27106f45-d418-4671-a8a9-39a00b702d9e.jpg , "[{'label':  'scissors' ,  'coordinates':  {'x':  1485 ,  'y':  1786 ,  'width':  2761 ,  'height':  1891} ,  'type':  'rectangle'}] "
/Users/samuelfolledo/Desktop/Custom_AI_in_iOS/ML/ML_Model_Env/Images/10c65f99-d2bb-4f76-a42d-062e8e0bd737.jpg , "[{'label':  'scissors' ,  'coordinates':  {'x':  1516 ,  'y':  1834 ,  'width':  2837 ,  'height':  2155} ,  'type':  'rectangle'}] "
/Users/samuelfolledo/Desktop/Custom_AI_in_iOS/ML/ML_Model_Env/Images/cea7cd4d-bde1-42f0-92da-6ded03ca5a81.jpg , "[{'label':  'scissors' ,  'coordinates':  {'x':  1409 ,  'y':  1481 ,  'width':  2761 ,  'height':  1919} ,  'type':  'rectangle'}] "
/Users/samuelfolledo/Desktop/Custom_AI_in_iOS/ML/ML_Model_Env/Images/dd021930-1f00-4c3c-9e49-9fd8c8f882e3.jpg , "[{'label':  'scissors' ,  'coordinates':  {'x':  1457 ,  'y':  1450 ,  'width':  2761 ,  'height':  1580} ,  'type':  'rectangle'}] "
/Users/samuelfolledo/Desktop/Custom_AI_in_iOS/ML/ML_Model_Env/Images/5c89d311-50d5-4ada-aaf5-71520a560dbc.jpg , "[{'label':  'scissors' ,  'coordinates':  {'x':  1502 ,  'y':  1460 ,  'width':  2879 ,  'height':  2030} ,  'type':  'rectangle'}] "
/Users/samuelfolledo/Desktop/Custom_AI_in_iOS/ML/ML_Model_Env/Images/436da9b1-31c4-4652-b4bb-1b69a3540f93.jpg , "[{'label':  'scissors' ,  'coordinates':  {'x':  1219 ,  'y':  1963 ,  'width':  2380 ,  'height':  1815} ,  'type':  'rectangle'}] "
/Users/samuelfolledo/Desktop/Custom_AI_in_iOS/ML/ML_Model_Env/Images/b44c571c-8602-48ef-88b8-dc5986ecb674.jpg , "[{'label':  'scissors' ,  'coordinates':  {'x':  1651 ,  'y':  1966 ,  'width':  2678 ,  'height':  2182} ,  'type':  'rectangle'}] "
/Users/samuelfolledo/Desktop/Custom_AI_in_iOS/ML/ML_Model_Env/Images/f9b26cb6-a3de-492a-8405-d64e7c02fc8d.jpg , "[{'label':  'scissors' ,  'coordinates':  {'x':  1502 ,  'y':  1589 ,  'width':  2284 ,  'height':  1358} ,  'type':  'rectangle'}] "
/Users/samuelfolledo/Desktop/Custom_AI_in_iOS/ML/ML_Model_Env/Images/1175e959-6231-4066-82ac-5ad2e9a4e03f.jpg , "[{'label':  'scissors' ,  'coordinates':  {'x':  1132 ,  'y':  1925 ,  'width':  1349 ,  'height':  769} ,  'type':  'rectangle'}] "
/Users/samuelfolledo/Desktop/Custom_AI_in_iOS/ML/ML_Model_Env/Images/4679a3bd-42ee-4087-93a4-5e788888673b.jpg , "[{'label':  'scissors' ,  'coordinates':  {'x':  976 ,  'y':  1852 ,  'width':  1467 ,  'height':  776} ,  'type':  'rectangle'}] "
/Users/samuelfolledo/Desktop/Custom_AI_in_iOS/ML/ML_Model_Env/Images/a7230713-c75a-450e-ad4b-0463177a516f.jpg , "[{'label':  'scissors' ,  'coordinates':  {'x':  1136 ,  'y':  2267 ,  'width':  1287 ,  'height':  679} ,  'type':  'rectangle'}] "
/Users/samuelfolledo/Desktop/Custom_AI_in_iOS/ML/ML_Model_Env/Images/a62c0b78-49d2-460f-a9f0-b597b6126347.jpg , "[{'label':  'scissors' ,  'coordinates':  {'x':  987 ,  'y':  2226 ,  'width':  1405 ,  'height':  817} ,  'type':  'rectangle'}] "
/Users/samuelfolledo/Desktop/Custom_AI_in_iOS/ML/ML_Model_Env/Images/d8bf0890-279e-40cb-86d7-d7e35a849eb9.jpg , "[{'label':  'scissors' ,  'coordinates':  {'x':  1132 ,  'y':  2063 ,  'width':  1419 ,  'height':  1046} ,  'type':  'rectangle'}] "
/Users/samuelfolledo/Desktop/Custom_AI_in_iOS/ML/ML_Model_Env/Images/fe899d4a-fbe7-4b9f-b629-9bf83bdc88e1.jpg , "[{'label':  'scissors' ,  'coordinates':  {'x':  1689 ,  'y':  1665 ,  'width':  1453 ,  'height':  1011} ,  'type':  'rectangle'}] "
/Users/samuelfolledo/Desktop/Custom_AI_in_iOS/ML/ML_Model_Env/Images/7c783783-4661-44e1-8ea1-6d21084b4d0d.jpg , "[{'label':  'scissors' ,  'coordinates':  {'x':  1658 ,  'y':  1717 ,  'width':  1488 ,  'height':  1074} ,  'type':  'rectangle'}] "
/Users/samuelfolledo/Desktop/Custom_AI_in_iOS/ML/ML_Model_Env/Images/2d69bbe7-4d00-4a65-a093-9e81065b1961.jpg , "[{'label':  'scissors' ,  'coordinates':  {'x':  1592 ,  'y':  2174 ,  'width':  1578 ,  'height':  797} ,  'type':  'rectangle'}] "
/Users/samuelfolledo/Desktop/Custom_AI_in_iOS/ML/ML_Model_Env/Images/85396bbe-3f71-4e83-a5ed-d43f5e733c09.jpg , "[{'label':  'scissors' ,  'coordinates':  {'x':  1475 ,  'y':  1575 ,  'width':  1688 ,  'height':  956} ,  'type':  'rectangle'}] "
/Users/samuelfolledo/Desktop/Custom_AI_in_iOS/ML/ML_Model_Env/Images/dd4cbea1-3cef-4431-9c98-a7820acfa532.jpg , "[{'label':  'scissors' ,  'coordinates':  {'x':  2028 ,  'y':  1883 ,  'width':  1301 ,  'height':  727} ,  'type':  'rectangle'}] "
/Users/samuelfolledo/Desktop/Custom_AI_in_iOS/ML/ML_Model_Env/Images/c85fd416-58b0-454f-af09-373a43c40e90.jpg , "[{'label':  'scissors' ,  'coordinates':  {'x':  509 ,  'y':  2441 ,  'width':  1003 ,  'height':  970} ,  'type':  'rectangle'} ,{'label':  'scissors' ,  'coordinates':  {'x':  1859 ,  'y':  2247 ,  'width':  1336 ,  'height':  887} ,  'type':  'rectangle'}] "
/Users/samuelfolledo/Desktop/Custom_AI_in_iOS/ML/ML_Model_Env/Images/2c395497-11cb-401a-9e9f-df67a209e758.jpg , "[{'label':  'rock' ,  'coordinates':  {'x':  454 ,  'y':  2119 ,  'width':  823 ,  'height':  714} ,  'type':  'rectangle'} ,{'label':  'scissors' ,  'coordinates':  {'x':  1897 ,  'y':  1578 ,  'width':  1204 ,  'height':  921} ,  'type':  'rectangle'}] "
/Users/samuelfolledo/Desktop/Custom_AI_in_iOS/ML/ML_Model_Env/Images/080da58e-63b4-41fb-ba19-af69733d948f.jpg , "[{'label':  'rock' ,  'coordinates':  {'x':  2077 ,  'y':  1502 ,  'width':  830 ,  'height':  700} ,  'type':  'rectangle'} ,{'label':  'scissors' ,  'coordinates':  {'x':  700 ,  'y':  2053 ,  'width':  1342 ,  'height':  984} ,  'type':  'rectangle'}] "
/Users/samuelfolledo/Desktop/Custom_AI_in_iOS/ML/ML_Model_Env/Images/61138d23-93c7-4241-b3ab-9a341e0a6641.jpg , "[{'label':  'rock' ,  'coordinates':  {'x':  1928 ,  'y':  1301 ,  'width':  907 ,  'height':  700} ,  'type':  'rectangle'} ,{'label':  'scissors' ,  'coordinates':  {'x':  762 ,  'y':  2101 ,  'width':  1287 ,  'height':  804} ,  'type':  'rectangle'}] "
/Users/samuelfolledo/Desktop/Custom_AI_in_iOS/ML/ML_Model_Env/Images/6fa82520-c5df-4c7e-9957-ffb477a1cd8d.jpg , "[{'label':  'scissors' ,  'coordinates':  {'x':  2008 ,  'y':  1544 ,  'width':  1287 ,  'height':  935} ,  'type':  'rectangle'} ,{'label':  'scissors' ,  'coordinates':  {'x':  779 ,  'y':  2119 ,  'width':  1225 ,  'height':  908} ,  'type':  'rectangle'}] "
/Users/samuelfolledo/Desktop/Custom_AI_in_iOS/ML/ML_Model_Env/Images/67d518e8-c621-490b-839b-56650affb1a2.jpg , "[{'label':  'paper' ,  'coordinates':  {'x':  714 ,  'y':  2063 ,  'width':  1329 ,  'height':  1088} ,  'type':  'rectangle'} ,{'label':  'scissors' ,  'coordinates':  {'x':  1741 ,  'y':  1280 ,  'width':  1239 ,  'height':  1046} ,  'type':  'rectangle'}] "
/Users/samuelfolledo/Desktop/Custom_AI_in_iOS/ML/ML_Model_Env/Images/6e405be0-fb9e-4963-8d9b-1eff7649d30f.jpg , "[{'label':  'rock' ,  'coordinates':  {'x':  1741 ,  'y':  1353 ,  'width':  768 ,  'height':  762} ,  'type':  'rectangle'} ,{'label':  'scissors' ,  'coordinates':  {'x':  703 ,  'y':  2115 ,  'width':  1349 ,  'height':  998} ,  'type':  'rectangle'}] "
/Users/samuelfolledo/Desktop/Custom_AI_in_iOS/ML/ML_Model_Env/Images/6c51df89-43c6-4391-8324-ed39c18182d5.jpg , "[{'label':  'scissors' ,  'coordinates':  {'x':  1776 ,  'y':  1031 ,  'width':  1432 ,  'height':  949} ,  'type':  'rectangle'} ,{'label':  'scissors' ,  'coordinates':  {'x':  672 ,  'y':  2139 ,  'width':  1287 ,  'height':  991} ,  'type':  'rectangle'}] "
/Users/samuelfolledo/Desktop/Custom_AI_in_iOS/ML/ML_Model_Env/Images/777474fb-3e95-4aea-8d21-e84688ba7fce.jpg , "[{'label':  'scissors' ,  'coordinates':  {'x':  564 ,  'y':  797 ,  'width':  1098 ,  'height':  607} ,  'type':  'rectangle'}] "
/Users/samuelfolledo/Desktop/Custom_AI_in_iOS/ML/ML_Model_Env/Images/355cef54-ed88-4c09-b415-7ef950b628a1.jpg , "[{'label':  'rock' ,  'coordinates':  {'x':  658 ,  'y':  2022 ,  'width':  900 ,  'height':  741} ,  'type':  'rectangle'} ,{'label':  'rock' ,  'coordinates':  {'x':  1634 ,  'y':  1211 ,  'width':  775 ,  'height':  824} ,  'type':  'rectangle'}] "
/Users/samuelfolledo/Desktop/Custom_AI_in_iOS/ML/ML_Model_Env/Images/a8892b6a-72db-4c74-8363-8d09322f4824.jpg , "[{'label':  'paper' ,  'coordinates':  {'x':  765 ,  'y':  2226 ,  'width':  1460 ,  'height':  859} ,  'type':  'rectangle'} ,{'label':  'paper' ,  'coordinates':  {'x':  1620 ,  'y':  1079 ,  'width':  1384 ,  'height':  797} ,  'type':  'rectangle'}] "
/Users/samuelfolledo/Desktop/Custom_AI_in_iOS/ML/ML_Model_Env/Images/1b96f888-cc49-4478-8d58-2af5b03e189b.jpg , "[{'label':  'rock' ,  'coordinates':  {'x':  1077 ,  'y':  2008 ,  'width':  810 ,  'height':  866} ,  'type':  'rectangle'} ,{'label':  'rock' ,  'coordinates':  {'x':  2032 ,  'y':  1956 ,  'width':  810 ,  'height':  873} ,  'type':  'rectangle'}] "
/Users/samuelfolledo/Desktop/Custom_AI_in_iOS/ML/ML_Model_Env/Images/114c5053-c661-4353-b43c-031277aac4a2.jpg , "[{'label':  'rock' ,  'coordinates':  {'x':  1208 ,  'y':  1828 ,  'width':  727 ,  'height':  797} ,  'type':  'rectangle'} ,{'label':  'rock' ,  'coordinates':  {'x':  2008 ,  'y':  1762 ,  'width':  747 ,  'height':  762} ,  'type':  'rectangle'}] "
/Users/samuelfolledo/Desktop/Custom_AI_in_iOS/ML/ML_Model_Env/Images/45e180a0-238c-44d3-8873-fc57ba16fd94.jpg , "[{'label':  'rock' ,  'coordinates':  {'x':  1274 ,  'y':  1751 ,  'width':  650 ,  'height':  755} ,  'type':  'rectangle'} ,{'label':  'rock' ,  'coordinates':  {'x':  2059 ,  'y':  1727 ,  'width':  810 ,  'height':  831} ,  'type':  'rectangle'}] "
/Users/samuelfolledo/Desktop/Custom_AI_in_iOS/ML/ML_Model_Env/Images/50fa5c18-0623-4593-bdb3-9de51953a431.jpg , "[{'label':  'paper' ,  'coordinates':  {'x':  862 ,  'y':  2073 ,  'width':  1128 ,  'height':  734} ,  'type':  'rectangle'} ,{'label':  'paper' ,  'coordinates':  {'x':  1918 ,  'y':  1478 ,  'width':  1218 ,  'height':  901} ,  'type':  'rectangle'}] "
/Users/samuelfolledo/Desktop/Custom_AI_in_iOS/ML/ML_Model_Env/Images/7c23f2e2-5fb1-4214-a62c-9909cbb1444c.jpg , "[{'label':  'paper' ,  'coordinates':  {'x':  918 ,  'y':  2177 ,  'width':  1225 ,  'height':  748} ,  'type':  'rectangle'} ,{'label':  'paper' ,  'coordinates':  {'x':  2087 ,  'y':  1492 ,  'width':  1211 ,  'height':  956} ,  'type':  'rectangle'}] "
/Users/samuelfolledo/Desktop/Custom_AI_in_iOS/ML/ML_Model_Env/Images/c4822f3a-71ed-4664-b93a-d1d0483e535b.jpg , "[{'label':  'rock' ,  'coordinates':  {'x':  783 ,  'y':  2125 ,  'width':  886 ,  'height':  686} ,  'type':  'rectangle'} ,{'label':  'rock' ,  'coordinates':  {'x':  1883 ,  'y':  1589 ,  'width':  775 ,  'height':  873} ,  'type':  'rectangle'}] "
/Users/samuelfolledo/Desktop/Custom_AI_in_iOS/ML/ML_Model_Env/Images/e3d16b87-d174-4a6f-abdc-dffb4a7e1d57.jpg , "[{'label':  'paper' ,  'coordinates':  {'x':  682 ,  'y':  2164 ,  'width':  1253 ,  'height':  901} ,  'type':  'rectangle'} ,{'label':  'paper' ,  'coordinates':  {'x':  1959 ,  'y':  1620 ,  'width':  1218 ,  'height':  977} ,  'type':  'rectangle'}] "
/Users/samuelfolledo/Desktop/Custom_AI_in_iOS/ML/ML_Model_Env/Images/6e08969b-daa5-4d81-adc8-ee51004593c9.jpg , "[{'label':  'paper' ,  'coordinates':  {'x':  658 ,  'y':  2302 ,  'width':  1259 ,  'height':  998} ,  'type':  'rectangle'} ,{'label':  'paper' ,  'coordinates':  {'x':  2008 ,  'y':  1966 ,  'width':  1301 ,  'height':  783} ,  'type':  'rectangle'}] "
/Users/samuelfolledo/Desktop/Custom_AI_in_iOS/ML/ML_Model_Env/Images/59287c43-fede-4c54-abee-eb0429bc00a9.jpg , "[{'label':  'paper' ,  'coordinates':  {'x':  648 ,  'y':  2330 ,  'width':  1239 ,  'height':  887} ,  'type':  'rectangle'} ,{'label':  'paper' ,  'coordinates':  {'x':  1987 ,  'y':  1904 ,  'width':  1287 ,  'height':  894} ,  'type':  'rectangle'}] "
/Users/samuelfolledo/Desktop/Custom_AI_in_iOS/ML/ML_Model_Env/Images/67e7dfe9-4d14-4196-a6d5-e0fd440bc5e3.jpg , "[{'label':  'rock' ,  'coordinates':  {'x':  790 ,  'y':  2080 ,  'width':  1204 ,  'height':  1150} ,  'type':  'rectangle'} ,{'label':  'rock' ,  'coordinates':  {'x':  2149 ,  'y':  1772 ,  'width':  1086 ,  'height':  1032} ,  'type':  'rectangle'}] "
/Users/samuelfolledo/Desktop/Custom_AI_in_iOS/ML/ML_Model_Env/Images/ce37a7a9-cb41-470b-a71d-4791796c59a7.jpg , "[{'label':  'rock' ,  'coordinates':  {'x':  1053 ,  'y':  2025 ,  'width':  1066 ,  'height':  901} ,  'type':  'rectangle'}] "
/Users/samuelfolledo/Desktop/Custom_AI_in_iOS/ML/ML_Model_Env/Images/1c3eac9b-3149-4b82-9862-5bbedf7e0b3a.jpg , "[{'label':  'rock' ,  'coordinates':  {'x':  1980 ,  'y':  1779 ,  'width':  830 ,  'height':  741} ,  'type':  'rectangle'}] "
/Users/samuelfolledo/Desktop/Custom_AI_in_iOS/ML/ML_Model_Env/Images/f08648a9-c3e8-4779-bcf6-85e2e190f68c.jpg , "[{'label':  'rock' ,  'coordinates':  {'x':  1790 ,  'y':  2143 ,  'width':  865 ,  'height':  748} ,  'type':  'rectangle'}] "
/Users/samuelfolledo/Desktop/Custom_AI_in_iOS/ML/ML_Model_Env/Images/76494f43-7073-402d-b544-2c000d3b0e7d.jpg , "[{'label':  'rock' ,  'coordinates':  {'x':  1807 ,  'y':  2046 ,  'width':  830 ,  'height':  804} ,  'type':  'rectangle'}] "
/Users/samuelfolledo/Desktop/Custom_AI_in_iOS/ML/ML_Model_Env/Images/2c6472b9-4bb0-431d-9a9b-b8f82872a288.jpg , "[{'label':  'rock' ,  'coordinates':  {'x':  1720 ,  'y':  2060 ,  'width':  823 ,  'height':  651} ,  'type':  'rectangle'}] "
/Users/samuelfolledo/Desktop/Custom_AI_in_iOS/ML/ML_Model_Env/Images/08605e64-f8a1-4edb-8e5a-1fccc94be539.jpg , "[{'label':  'paper' ,  'coordinates':  {'x':  1620 ,  'y':  2094 ,  'width':  1412 ,  'height':  762} ,  'type':  'rectangle'}] "
/Users/samuelfolledo/Desktop/Custom_AI_in_iOS/ML/ML_Model_Env/Images/a431a97b-f7ab-4643-956e-39c02c9ec232.jpg , "[{'label':  'paper' ,  'coordinates':  {'x':  1727 ,  'y':  1710 ,  'width':  1515 ,  'height':  811} ,  'type':  'rectangle'}] "
/Users/samuelfolledo/Desktop/Custom_AI_in_iOS/ML/ML_Model_Env/Images/80ef47d5-23b3-4e5f-88c2-7fd7ee745035.jpg , "[{'label':  'paper' ,  'coordinates':  {'x':  1610 ,  'y':  1703 ,  'width':  1377 ,  'height':  880} ,  'type':  'rectangle'}] "
/Users/samuelfolledo/Desktop/Custom_AI_in_iOS/ML/ML_Model_Env/Images/7c95e4f1-7f95-491b-be7d-64a3e775088f.jpg , "[{'label':  'rock' ,  'coordinates':  {'x':  1637 ,  'y':  1665 ,  'width':  740 ,  'height':  817} ,  'type':  'rectangle'}] "
/Users/samuelfolledo/Desktop/Custom_AI_in_iOS/ML/ML_Model_Env/Images/83b39506-96c3-47f4-a8a2-0aacff7129c6.jpg , "[{'label':  'rock' ,  'coordinates':  {'x':  1696 ,  'y':  1682 ,  'width':  1080 ,  'height':  1005} ,  'type':  'rectangle'}] "
/Users/samuelfolledo/Desktop/Custom_AI_in_iOS/ML/ML_Model_Env/Images/d2c33936-1995-4d02-acb9-787ee37dffe0.jpg , "[{'label':  'rock' ,  'coordinates':  {'x':  1904 ,  'y':  1831 ,  'width':  1993 ,  'height':  1732} ,  'type':  'rectangle'}] "
/Users/samuelfolledo/Desktop/Custom_AI_in_iOS/ML/ML_Model_Env/Images/0ae635cb-265a-4868-9ad2-c0ab3b0f8318.jpg , "[{'label':  'rock' ,  'coordinates':  {'x':  980 ,  'y':  2119 ,  'width':  879 ,  'height':  797} ,  'type':  'rectangle'}] "
/Users/samuelfolledo/Desktop/Custom_AI_in_iOS/ML/ML_Model_Env/Images/93efc4a5-7fd3-4a9f-990d-8e71cbcf7e70.jpg , "[{'label':  'paper' ,  'coordinates':  {'x':  1191 ,  'y':  1696 ,  'width':  1951 ,  'height':  1780} ,  'type':  'rectangle'}] "
/Users/samuelfolledo/Desktop/Custom_AI_in_iOS/ML/ML_Model_Env/Images/308acbc5-d553-4a74-b192-b0a14aa027ac.jpg , "[{'label':  'paper' ,  'coordinates':  {'x':  1194 ,  'y':  1509 ,  'width':  2055 ,  'height':  1850} ,  'type':  'rectangle'}] "
/Users/samuelfolledo/Desktop/Custom_AI_in_iOS/ML/ML_Model_Env/Images/b9e84ade-6ac1-4220-90b2-80197091d210.jpg , "[{'label':  'paper' ,  'coordinates':  {'x':  976 ,  'y':  2042 ,  'width':  1481 ,  'height':  1129} ,  'type':  'rectangle'}] "
/Users/samuelfolledo/Desktop/Custom_AI_in_iOS/ML/ML_Model_Env/Images/82a35b65-3e76-4bff-9c12-d8db4dedf04e.jpg , "[{'label':  'rock' ,  'coordinates':  {'x':  862 ,  'y':  2254 ,  'width':  976 ,  'height':  651} ,  'type':  'rectangle'}] "
/Users/samuelfolledo/Desktop/Custom_AI_in_iOS/ML/ML_Model_Env/Images/ef85ea22-a0d8-473f-89cb-33e27bf4d6ea.jpg , "[{'label':  'rock' ,  'coordinates':  {'x':  786 ,  'y':  2174 ,  'width':  934 ,  'height':  727} ,  'type':  'rectangle'}] "
/Users/samuelfolledo/Desktop/Custom_AI_in_iOS/ML/ML_Model_Env/Images/6bcee10c-a245-4daa-be86-800d823947da.jpg , "[{'label':  'rock' ,  'coordinates':  {'x':  783 ,  'y':  2222 ,  'width':  720 ,  'height':  561} ,  'type':  'rectangle'}] "
/Users/samuelfolledo/Desktop/Custom_AI_in_iOS/ML/ML_Model_Env/Images/983c4502-a1c2-4994-b953-ea583b38d0bc.jpg , "[{'label':  'rock' ,  'coordinates':  {'x':  835 ,  'y':  1803 ,  'width':  1003 ,  'height':  748} ,  'type':  'rectangle'}] "
/Users/samuelfolledo/Desktop/Custom_AI_in_iOS/ML/ML_Model_Env/Images/c3b7f15e-6158-4599-8002-40d3b2d15209.jpg , "[{'label':  'paper' ,  'coordinates':  {'x':  1163 ,  'y':  1886 ,  'width':  1688 ,  'height':  901} ,  'type':  'rectangle'}] "
/Users/samuelfolledo/Desktop/Custom_AI_in_iOS/ML/ML_Model_Env/Images/b8a2443b-0ab0-48d4-a5f8-9f1122816e89.jpg , "[{'label':  'paper' ,  'coordinates':  {'x':  1149 ,  'y':  1661 ,  'width':  1661 ,  'height':  1268} ,  'type':  'rectangle'}] "
